Message,Use_case
none,reuse
none,reuse
none,reuse
none,reuse
none,reuse
none,reuse
none,reuse
none,reuse
none,reuse
none,reuse
none,reuse
none,reuse
none,reuse
none,reuse
none,reuse
none,reuse
none,reuse
none,reuse
none,reuse
none,reuse
none,reuse
none,reuse
none,reuse
none,reuse
none,reuse
none,reuse
none,reuse
none,reuse
none,reuse
none,reuse
none,reuse
none,reuse
none,reuse
none,reuse
none,reuse
none,reuse
none,reuse
none,reuse
none,reuse
none,reuse
none,reuse
none,reuse
none,reuse
none,reuse
none,reuse
none,reuse
none,reuse
none,reuse
none,reuse
none,reuse
none,reuse
none,reuse
none,reuse
none,reuse
none,reuse
none,reuse
none,reuse
none,reuse
none,reuse
none,reuse
none,reuse
none,reuse
none,reuse
none,reuse
none,reuse
none,reuse
none,reuse
none,reuse
none,reuse
none,reuse
none,reuse
none,reuse
none,reuse
none,reuse
none,reuse
none,reuse
none,reuse
none,reuse
none,reuse
none,reuse
none,reuse
none,reuse
none,reuse
none,reuse
none,reuse
none,reuse
none,reuse
none,reuse
none,reuse
none,reuse
none,reuse
none,reuse
none,reuse
none,reuse
none,reuse
none,reuse
none,reuse
none,reuse
none,reuse
none,reuse
none,reuse
none,reuse
none,reuse
none,reuse
none,reuse
none,reuse
none,reuse
none,reuse
none,reuse
none,reuse
none,reuse
none,reuse
none,reuse
sameroom,reuse
sameroom,reuse
sameroom,reuse
sameroom,reuse
sameroom,reuse
sameroom,reuse
sameroom,reuse
sameroom,reuse
sameroom,reuse
sameroom,reuse
sameroom,reuse
sameroom,reuse
sameroom,reuse
sameroom,reuse
sameroom,reuse
sameroom,reuse
sameroom,reuse
sameroom,reuse
sameroom,reuse
sameroom,reuse
sameroom,reuse
sameroom,reuse
sameroom,reuse
sameroom,reuse
sameroom,reuse
sameroom,reuse
sameroom,reuse
sameroom,reuse
sameroom,reuse
sameroom,reuse
sameroom,reuse
sameroom,reuse
sameroom,reuse
sameroom,reuse
sameroom,reuse
sameroom,reuse
sameroom,reuse
sameroom,reuse
sameroom,reuse
sameroom,reuse
sameroom,reuse
sameroom,reuse
sameroom,reuse
sameroom,reuse
sameroom,reuse
sameroom,reuse
sameroom,reuse
sameroom,reuse
sameroom,reuse
sameroom,reuse
sameroom,reuse
sameroom,reuse
sameroom,reuse
sameroom,reuse
sameroom,reuse
sameroom,reuse
sameroom,reuse
sameroom,reuse
sameroom,reuse
sameroom,reuse
sameroom,reuse
sameroom,reuse
sameroom,reuse
sameroom,reuse
sameroom,reuse
sameroom,reuse
sameroom,reuse
sameroom,reuse
sameroom,reuse
sameroom,reuse
sameroom,reuse
sameroom,reuse
sameroom,reuse
sameroom,reuse
sameroom,reuse
sameroom,reuse
sameroom,reuse
sameroom,reuse
sameroom,reuse
sameroom,reuse
sameroom,reuse
sameroom,reuse
sameroom,reuse
sameroom,reuse
sameroom,reuse
sameroom,reuse
sameroom,reuse
sameroom,reuse
sameroom,reuse
sameroom,reuse
sameroom,reuse
sameroom,reuse
sameroom,reuse
sameroom,reuse
sameroom,reuse
sameroom,reuse
sameroom,reuse
sameroom,reuse
sameroom,reuse
sameroom,reuse
sameroom,reuse
sameroom,reuse
sameroom,reuse
sameroom,reuse
sameroom,reuse
sameroom,reuse
sameroom,reuse
sameroom,reuse
sameroom,reuse
sameroom,reuse
sameroom,reuse
sameroom,reuse
sameroom,reuse
sameroom,reuse
sameroom,reuse
sameroom,reuse
sameroom,reuse
sameroom,reuse
sameroom,reuse
sameroom,reuse
sameroom,reuse
sameroom,reuse
sameroom,reuse
sameroom,reuse
sameroom,reuse
sameroom,reuse
sameroom,reuse
sameroom,reuse
sameroom,reuse
sameroom,reuse
sameroom,reuse
sameroom,reuse
sameroom,reuse
sameroom,reuse
sameroom,reuse
sameroom,reuse
sameroom,reuse
sameroom,reuse
sameroom,reuse
sameroom,reuse
sameroom,reuse
sameroom,reuse
sameroom,reuse
sameroom,reuse
sameroom,reuse
sameroom,reuse
sameroom,reuse
sameroom,reuse
sameroom,reuse
sameroom,reuse
sameroom,reuse
citizen,reuse
citizen,reuse
citizen,reuse
citizen,reuse
citizen,reuse
citizen,reuse
citizen,reuse
citizen,reuse
citizen,reuse
citizen,reuse
citizen,reuse
citizen,reuse
citizen,reuse
citizen,reuse
citizen,reuse
citizen,reuse
citizen,reuse
citizen,reuse
citizen,reuse
citizen,reuse
citizen,reuse
citizen,reuse
citizen,reuse
citizen,reuse
citizen,reuse
citizen,reuse
citizen,reuse
citizen,reuse
citizen,reuse
citizen,reuse
citizen,reuse
citizen,reuse
citizen,reuse
citizen,reuse
citizen,reuse
citizen,reuse
citizen,reuse
citizen,reuse
citizen,reuse
citizen,reuse
citizen,reuse
citizen,reuse
citizen,reuse
citizen,reuse
citizen,reuse
citizen,reuse
citizen,reuse
citizen,reuse
citizen,reuse
citizen,reuse
citizen,reuse
citizen,reuse
citizen,reuse
citizen,reuse
citizen,reuse
citizen,reuse
citizen,reuse
citizen,reuse
citizen,reuse
citizen,reuse
citizen,reuse
citizen,reuse
citizen,reuse
citizen,reuse
citizen,reuse
citizen,reuse
citizen,reuse
citizen,reuse
citizen,reuse
citizen,reuse
citizen,reuse
citizen,reuse
citizen,reuse
citizen,reuse
citizen,reuse
citizen,reuse
citizen,reuse
citizen,reuse
citizen,reuse
citizen,reuse
citizen,reuse
citizen,reuse
citizen,reuse
citizen,reuse
citizen,reuse
citizen,reuse
citizen,reuse
citizen,reuse
citizen,reuse
citizen,reuse
citizen,reuse
citizen,reuse
citizen,reuse
citizen,reuse
citizen,reuse
citizen,reuse
citizen,reuse
citizen,reuse
citizen,reuse
citizen,reuse
citizen,reuse
citizen,reuse
citizen,reuse
citizen,reuse
citizen,reuse
citizen,reuse
citizen,reuse
citizen,reuse
citizen,reuse
citizen,reuse
citizen,reuse
citizen,reuse
citizen,reuse
citizen,reuse
citizen,reuse
citizen,reuse
citizen,reuse
citizen,reuse
citizen,reuse
citizen,reuse
citizen,reuse
citizen,reuse
citizen,reuse
citizen,reuse
citizen,reuse
citizen,reuse
citizen,reuse
citizen,reuse
citizen,reuse
citizen,reuse
citizen,reuse
citizen,reuse
citizen,reuse
citizen,reuse
citizen,reuse
citizen,reuse
citizen,reuse
citizen,reuse
citizen,reuse
citizen,reuse
citizen,reuse
citizen,reuse
citizen,reuse
citizen,reuse
citizen,reuse
gender,reuse
gender,reuse
gender,reuse
gender,reuse
gender,reuse
gender,reuse
gender,reuse
gender,reuse
gender,reuse
gender,reuse
gender,reuse
gender,reuse
gender,reuse
gender,reuse
gender,reuse
gender,reuse
gender,reuse
gender,reuse
gender,reuse
gender,reuse
gender,reuse
gender,reuse
gender,reuse
gender,reuse
gender,reuse
gender,reuse
gender,reuse
gender,reuse
gender,reuse
gender,reuse
gender,reuse
gender,reuse
gender,reuse
gender,reuse
gender,reuse
gender,reuse
gender,reuse
gender,reuse
gender,reuse
gender,reuse
gender,reuse
gender,reuse
gender,reuse
gender,reuse
gender,reuse
gender,reuse
gender,reuse
gender,reuse
gender,reuse
gender,reuse
gender,reuse
gender,reuse
gender,reuse
gender,reuse
gender,reuse
gender,reuse
gender,reuse
gender,reuse
gender,reuse
gender,reuse
gender,reuse
gender,reuse
gender,reuse
gender,reuse
gender,reuse
gender,reuse
gender,reuse
gender,reuse
gender,reuse
gender,reuse
gender,reuse
gender,reuse
gender,reuse
gender,reuse
gender,reuse
gender,reuse
gender,reuse
gender,reuse
gender,reuse
gender,reuse
gender,reuse
gender,reuse
gender,reuse
gender,reuse
gender,reuse
gender,reuse
gender,reuse
gender,reuse
gender,reuse
gender,reuse
gender,reuse
gender,reuse
gender,reuse
gender,reuse
gender,reuse
gender,reuse
gender,reuse
gender,reuse
gender,reuse
gender,reuse
gender,reuse
gender,reuse
gender,reuse
gender,reuse
gender,reuse
gender,reuse
gender,reuse
gender,reuse
gender,reuse
gender,reuse
gender,reuse
gender,reuse
gender,reuse
gender,reuse
gender,reuse
gender,reuse
gender,reuse
gender,reuse
gender,reuse
gender,reuse
gender,reuse
gender,reuse
gender,reuse
gender,reuse
gender,reuse
gender,reuse
gender,reuse
guest,reuse
guest,reuse
guest,reuse
guest,reuse
guest,reuse
guest,reuse
guest,reuse
guest,reuse
guest,reuse
guest,reuse
guest,reuse
guest,reuse
guest,reuse
guest,reuse
guest,reuse
guest,reuse
guest,reuse
guest,reuse
guest,reuse
guest,reuse
guest,reuse
guest,reuse
guest,reuse
guest,reuse
guest,reuse
guest,reuse
guest,reuse
guest,reuse
guest,reuse
guest,reuse
guest,reuse
guest,reuse
guest,reuse
guest,reuse
guest,reuse
guest,reuse
guest,reuse
guest,reuse
guest,reuse
guest,reuse
guest,reuse
guest,reuse
guest,reuse
guest,reuse
guest,reuse
guest,reuse
guest,reuse
guest,reuse
guest,reuse
guest,reuse
guest,reuse
guest,reuse
guest,reuse
guest,reuse
guest,reuse
guest,reuse
guest,reuse
guest,reuse
guest,reuse
guest,reuse
guest,reuse
guest,reuse
guest,reuse
guest,reuse
guest,reuse
guest,reuse
guest,reuse
guest,reuse
guest,reuse
guest,reuse
guest,reuse
guest,reuse
guest,reuse
guest,reuse
guest,reuse
guest,reuse
guest,reuse
guest,reuse
guest,reuse
guest,reuse
guest,reuse
guest,reuse
guest,reuse
guest,reuse
guest,reuse
guest,reuse
guest,reuse
guest,reuse
guest,reuse
guest,reuse
guest,reuse
guest,reuse
guest,reuse
guest,reuse
guest,reuse
guest,reuse
guest,reuse
guest,reuse
guest,reuse
guest,reuse
guest,reuse
guest,reuse
guest,reuse
guest,reuse
guest,reuse
guest,reuse
guest,reuse
guest,reuse
guest,reuse
guest,reuse
guest,reuse
guest,reuse
guest,reuse
guest,reuse
guest,reuse
guest,reuse
guest,reuse
guest,reuse
guest,reuse
guest,reuse
guest,reuse
guest,reuse
guest,reuse
guest,reuse
guest,reuse
guest,reuse
guest,reuse
guest,reuse
guest,reuse
guest,reuse
guest,reuse
guest,reuse
guest,reuse
guest,reuse
guest,reuse
guest,reuse
guest,reuse
guest,reuse
guest,reuse
guest,reuse
guest,reuse
guest,reuse
guest,reuse
guest,reuse
guest,reuse
guest,reuse
guest,reuse
guest,reuse
guest,reuse
guest,reuse
none,not
none,not
none,not
none,not
none,not
none,not
none,not
none,not
none,not
none,not
none,not
none,not
none,not
none,not
none,not
none,not
none,not
none,not
none,not
none,not
none,not
none,not
none,not
none,not
none,not
none,not
none,not
none,not
none,not
none,not
none,not
none,not
none,not
none,not
none,not
none,not
none,not
none,not
none,not
none,not
none,not
none,not
none,not
none,not
none,not
none,not
none,not
none,not
none,not
none,not
none,not
none,not
none,not
none,not
none,not
none,not
none,not
none,not
none,not
none,not
none,not
none,not
none,not
none,not
none,not
none,not
none,not
none,not
none,not
none,not
none,not
none,not
none,not
none,not
none,not
none,not
none,not
none,not
none,not
none,not
none,not
none,not
none,not
none,not
none,not
none,not
none,not
none,not
none,not
none,not
none,not
none,not
none,not
none,not
none,not
none,not
none,not
none,not
none,not
none,not
none,not
none,not
none,not
none,not
none,not
none,not
none,not
none,not
none,not
none,not
none,not
none,not
none,not
none,not
none,not
none,not
none,not
none,not
none,not
none,not
none,not
none,not
none,not
none,not
none,not
none,not
none,not
none,not
none,not
none,not
none,not
none,not
none,not
none,not
none,not
none,not
none,not
none,not
none,not
none,not
none,not
none,not
none,not
none,not
none,not
none,not
none,not
none,not
none,not
none,not
none,not
none,not
none,not
none,not
none,not
none,not
none,not
none,not
none,not
none,not
none,not
none,not
none,not
none,not
none,not
none,not
none,not
none,not
none,not
none,not
none,not
none,not
none,not
none,not
none,not
none,not
none,not
none,not
none,not
none,not
none,not
none,not
none,not
none,not
none,not
none,not
none,not
none,not
none,not
none,not
none,not
none,not
sameroom,not
sameroom,not
sameroom,not
sameroom,not
sameroom,not
sameroom,not
sameroom,not
sameroom,not
sameroom,not
sameroom,not
sameroom,not
sameroom,not
sameroom,not
sameroom,not
sameroom,not
sameroom,not
sameroom,not
sameroom,not
sameroom,not
sameroom,not
sameroom,not
sameroom,not
sameroom,not
sameroom,not
sameroom,not
sameroom,not
sameroom,not
sameroom,not
sameroom,not
sameroom,not
sameroom,not
sameroom,not
sameroom,not
sameroom,not
sameroom,not
sameroom,not
sameroom,not
sameroom,not
sameroom,not
sameroom,not
sameroom,not
sameroom,not
sameroom,not
sameroom,not
sameroom,not
sameroom,not
sameroom,not
sameroom,not
sameroom,not
sameroom,not
sameroom,not
sameroom,not
sameroom,not
sameroom,not
sameroom,not
sameroom,not
sameroom,not
sameroom,not
sameroom,not
sameroom,not
sameroom,not
sameroom,not
sameroom,not
sameroom,not
sameroom,not
sameroom,not
sameroom,not
sameroom,not
sameroom,not
sameroom,not
sameroom,not
sameroom,not
sameroom,not
sameroom,not
sameroom,not
sameroom,not
sameroom,not
sameroom,not
sameroom,not
sameroom,not
sameroom,not
sameroom,not
sameroom,not
sameroom,not
sameroom,not
sameroom,not
sameroom,not
sameroom,not
sameroom,not
sameroom,not
sameroom,not
sameroom,not
sameroom,not
sameroom,not
sameroom,not
sameroom,not
sameroom,not
sameroom,not
sameroom,not
sameroom,not
sameroom,not
sameroom,not
sameroom,not
sameroom,not
sameroom,not
sameroom,not
sameroom,not
sameroom,not
sameroom,not
sameroom,not
sameroom,not
sameroom,not
sameroom,not
sameroom,not
sameroom,not
sameroom,not
sameroom,not
sameroom,not
sameroom,not
sameroom,not
sameroom,not
sameroom,not
sameroom,not
sameroom,not
sameroom,not
sameroom,not
sameroom,not
sameroom,not
sameroom,not
sameroom,not
sameroom,not
sameroom,not
sameroom,not
sameroom,not
sameroom,not
sameroom,not
sameroom,not
sameroom,not
sameroom,not
sameroom,not
sameroom,not
sameroom,not
sameroom,not
sameroom,not
sameroom,not
sameroom,not
sameroom,not
sameroom,not
sameroom,not
sameroom,not
sameroom,not
sameroom,not
sameroom,not
sameroom,not
sameroom,not
citizen,not
citizen,not
citizen,not
citizen,not
citizen,not
citizen,not
citizen,not
citizen,not
citizen,not
citizen,not
citizen,not
citizen,not
citizen,not
citizen,not
citizen,not
citizen,not
citizen,not
citizen,not
citizen,not
citizen,not
citizen,not
citizen,not
citizen,not
citizen,not
citizen,not
citizen,not
citizen,not
citizen,not
citizen,not
citizen,not
citizen,not
citizen,not
citizen,not
citizen,not
citizen,not
citizen,not
citizen,not
citizen,not
citizen,not
citizen,not
citizen,not
citizen,not
citizen,not
citizen,not
citizen,not
citizen,not
citizen,not
citizen,not
citizen,not
citizen,not
citizen,not
citizen,not
citizen,not
citizen,not
citizen,not
citizen,not
citizen,not
citizen,not
citizen,not
citizen,not
citizen,not
citizen,not
citizen,not
citizen,not
citizen,not
citizen,not
citizen,not
citizen,not
citizen,not
citizen,not
citizen,not
citizen,not
citizen,not
citizen,not
citizen,not
citizen,not
citizen,not
citizen,not
citizen,not
citizen,not
citizen,not
citizen,not
citizen,not
citizen,not
citizen,not
citizen,not
citizen,not
citizen,not
citizen,not
citizen,not
citizen,not
citizen,not
citizen,not
citizen,not
citizen,not
citizen,not
citizen,not
citizen,not
citizen,not
citizen,not
citizen,not
citizen,not
citizen,not
citizen,not
citizen,not
citizen,not
citizen,not
citizen,not
citizen,not
citizen,not
citizen,not
citizen,not
citizen,not
citizen,not
citizen,not
citizen,not
citizen,not
citizen,not
citizen,not
citizen,not
citizen,not
citizen,not
citizen,not
citizen,not
citizen,not
citizen,not
citizen,not
citizen,not
citizen,not
citizen,not
citizen,not
citizen,not
citizen,not
citizen,not
citizen,not
citizen,not
citizen,not
citizen,not
citizen,not
citizen,not
citizen,not
citizen,not
citizen,not
citizen,not
citizen,not
citizen,not
citizen,not
citizen,not
citizen,not
citizen,not
citizen,not
citizen,not
citizen,not
citizen,not
citizen,not
citizen,not
citizen,not
citizen,not
citizen,not
citizen,not
citizen,not
citizen,not
citizen,not
citizen,not
citizen,not
citizen,not
citizen,not
citizen,not
citizen,not
citizen,not
citizen,not
citizen,not
citizen,not
citizen,not
citizen,not
citizen,not
citizen,not
citizen,not
citizen,not
citizen,not
citizen,not
citizen,not
citizen,not
citizen,not
citizen,not
citizen,not
citizen,not
citizen,not
citizen,not
gender,not
gender,not
gender,not
gender,not
gender,not
gender,not
gender,not
gender,not
gender,not
gender,not
gender,not
gender,not
gender,not
gender,not
gender,not
gender,not
gender,not
gender,not
gender,not
gender,not
gender,not
gender,not
gender,not
gender,not
gender,not
gender,not
gender,not
gender,not
gender,not
gender,not
gender,not
gender,not
gender,not
gender,not
gender,not
gender,not
gender,not
gender,not
gender,not
gender,not
gender,not
gender,not
gender,not
gender,not
gender,not
gender,not
gender,not
gender,not
gender,not
gender,not
gender,not
gender,not
gender,not
gender,not
gender,not
gender,not
gender,not
gender,not
gender,not
gender,not
gender,not
gender,not
gender,not
gender,not
gender,not
gender,not
gender,not
gender,not
gender,not
gender,not
gender,not
gender,not
gender,not
gender,not
gender,not
gender,not
gender,not
gender,not
gender,not
gender,not
gender,not
gender,not
gender,not
gender,not
gender,not
gender,not
gender,not
gender,not
gender,not
gender,not
gender,not
gender,not
gender,not
gender,not
gender,not
gender,not
gender,not
gender,not
gender,not
gender,not
gender,not
gender,not
gender,not
gender,not
gender,not
gender,not
gender,not
gender,not
gender,not
gender,not
gender,not
gender,not
gender,not
gender,not
gender,not
gender,not
gender,not
gender,not
gender,not
gender,not
gender,not
gender,not
gender,not
gender,not
gender,not
gender,not
gender,not
gender,not
gender,not
gender,not
gender,not
gender,not
gender,not
gender,not
gender,not
gender,not
gender,not
gender,not
gender,not
gender,not
gender,not
gender,not
gender,not
gender,not
gender,not
gender,not
gender,not
gender,not
gender,not
gender,not
gender,not
gender,not
gender,not
gender,not
gender,not
gender,not
gender,not
gender,not
gender,not
gender,not
gender,not
gender,not
gender,not
gender,not
gender,not
gender,not
gender,not
gender,not
gender,not
gender,not
gender,not
gender,not
gender,not
gender,not
gender,not
gender,not
gender,not
gender,not
gender,not
gender,not
gender,not
gender,not
gender,not
guest,not
guest,not
guest,not
guest,not
guest,not
guest,not
guest,not
guest,not
guest,not
guest,not
guest,not
guest,not
guest,not
guest,not
guest,not
guest,not
guest,not
guest,not
guest,not
guest,not
guest,not
guest,not
guest,not
guest,not
guest,not
guest,not
guest,not
guest,not
guest,not
guest,not
guest,not
guest,not
guest,not
guest,not
guest,not
guest,not
guest,not
guest,not
guest,not
guest,not
guest,not
guest,not
guest,not
guest,not
guest,not
guest,not
guest,not
guest,not
guest,not
guest,not
guest,not
guest,not
guest,not
guest,not
guest,not
guest,not
guest,not
guest,not
guest,not
guest,not
guest,not
guest,not
guest,not
guest,not
guest,not
guest,not
guest,not
guest,not
guest,not
guest,not
guest,not
guest,not
guest,not
guest,not
guest,not
guest,not
guest,not
guest,not
guest,not
guest,not
guest,not
guest,not
guest,not
guest,not
guest,not
guest,not
guest,not
guest,not
guest,not
guest,not
guest,not
guest,not
guest,not
guest,not
guest,not
guest,not
guest,not
guest,not
guest,not
guest,not
guest,not
guest,not
guest,not
guest,not
guest,not
guest,not
guest,not
guest,not
guest,not
guest,not
guest,not
guest,not
guest,not
guest,not
guest,not
guest,not
guest,not
guest,not
guest,not
guest,not
guest,not
guest,not
guest,not
guest,not
guest,not
guest,not
guest,not
guest,not
guest,not
guest,not
guest,not
guest,not
guest,not
guest,not
guest,not
guest,not
guest,not
guest,not
guest,not
guest,not
guest,not
guest,not
guest,not
guest,not
guest,not
guest,not
guest,not
guest,not
guest,not
guest,not
guest,not
guest,not
guest,not
guest,not
guest,not
guest,not
guest,not
guest,not
guest,not
guest,not
guest,not
guest,not
guest,not
guest,not
guest,not
guest,not
guest,not
guest,not
guest,not
guest,not
guest,not
guest,not
guest,not
guest,not
guest,not
guest,not
guest,not
guest,not
guest,not
guest,not
guest,not
guest,not
guest,not
guest,not
guest,not
guest,not
guest,not
guest,not
guest,not
guest,not
